emp_011, Tester2, Testing, 1991-12-20, 2015-05-10
emp_012, Tester3, Testing, 1992-12-20, 2016-05-10
emp_013, Tester4, Testing, 1993-12-20, 2017-05-10
emp_014, Tester5, Testing, 1994-12-20, 2018-05-10
emp_014, Tester6, Testing, 1995-12-20, 2019-05-10
emp_015, Tester7, Testing, 1996-12-20, 2020-05-10
emp_016, Tester8, Testing, 1990-12-20, 2014-05-10
emp_017, Analyst1, Development, 1990-12-20, 2014-05-10
emp_018, Analyst2, Development, 1991-12-20, 2014-05-10
emp_019, Analyst3, Development, 1992-12-20, 2015-05-10
emp_020, Analyst4, Development, 1993-12-20, 2017-05-10
emp_021, Analyst5, Development, 1994-12-20, 2016-05-10
